Timestamp,Server,Port,Status,CPU_Percent,Memory_Percent
2026-10-10T17:03:47,node1,50051,UP,0.34,8.68
2026-10-10T17:03:47,node2,50052,UP,0.34,8.68
2026-10-10T17:03:47,node3,50053,UP,0.34,8.68
2026-10-10T17:03:53,node1,50051,UP,0.31,8.68
2026-10-10T17:03:53,node2,50052,UP,0.31,8.68
2026-10-10T17:03:53,node3,50053,UP,0.31,8.68
2026-10-10T17:03:58,node1,50051,UP,0.41,8.69
2026-10-10T17:03:58,node2,50052,UP,0.41,8.69
2026-10-10T17:03:58,node3,50053,UP,0.41,8.69
2026-10-10T17:04:03,node1,50051,UP,0.35,8.69
2026-10-10T17:04:03,node2,50052,UP,0.35,8.69
2026-10-10T17:04:03,node3,50053,UP,0.35,8.69
2026-10-10T17:04:08,node1,50051,UP,0.32,8.69
2026-10-10T17:04:08,node2,50052,UP,0.32,8.69
2026-10-10T17:04:08,node3,50053,UP,0.32,8.69
2026-10-10T17:04:13,node1,50051,UP,0.39,8.7
2026-10-10T17:04:13,node2,50052,UP,0.39,8.7
2026-10-10T17:04:13,node3,50053,UP,0.39,8.7
